mint,created_at,metadata_updated_at,name,symbol,decimals,logo_uri,known_markets,mint_authority,freeze_authority,timestamp
3jcAraxgjf7PwcjExnZpXC8rN1gvKvRpFQD5dj7Rpump,1745942553,1745942671,Cointelegraph’s Memescop,Coin.Fun,6,https://ipfs.io/ipfs/QmPPbNw2eL555QN5Jjvxh2Cu8oYrYmvMdJPzXhvmaSTp2L,['DjpGWgTAT3YZ3K5GMdf1RT2hq2xrmwmb1m8cTMNwK9p1'],,,2025-04-29 16:02:33+00:00
GjdUML4FjHPgGEAZDwkAu2LpTu9vitNkxvQVe8yqpump,1745942554,1745942671,JUSTICE FOR PATCH,PATCH,6,https://ipfs.io/ipfs/QmV72h3kFvkDRQ8v72kt1F8nxL2hK2fivCVAqHvZxtFEnc,['GhqwSD9vihXhidyqQGjPYYbHymu1KqjSsVos9cHgAASW'],,,2025-04-29 16:02:34+00:00
B8J9pKnceFpkRNJcgXLJ1uafxw5egEDnUW62n8wDpump,1745942558,1745942671,Made In Trenches,MIT,6,https://ipfs.io/ipfs/QmdwzNZUEULPwzEJcVXQbqmi3XUDsJDDyPCB9Km4WRGBsK,['AiAftJ3jpj5RWgxHpgWxMo4MPZvGRBRmyubxmtQJ6rkV'],,,2025-04-29 16:02:38+00:00
8A9f4P9p1FqsqqC156bkbnDYy7ZwNwFZaxTWSPb5pump,1745942559,1745942671,Damon Luu Cat,LUU,6,https://ipfs.io/ipfs/QmTUurSZRwZ1j9FACkoKZGZDSddDu4PZ1EFBfuV3WWKdky,['6qCNqiUJg2j6JiBn1hGW4NyusEB4N5jSJ4D83JqfJndS'],,,2025-04-29 16:02:39+00:00
6dYtzuT6t2JMEZTx9U2wjkbwyr6hRRSACBP7uhbVpump,1745942560,1745942671,"Elon ""Pedo Guy"" Musk",Pedolon,6,https://ipfs.io/ipfs/QmU1yu9F7j2QaHkiipAEVRmGde4JnRgg4i5EMzkDJY6G2Y,['cSn34H33DLEKzzhk5Se2X6GpJF7cc8oumxTdPE2ZBUr'],,,2025-04-29 16:02:40+00:00
yCc2MeqBEywBqhnU5KvNEccDGfgFgFEAGCrhWgxpump,1745942561,1745942671,memecoins 101,101,6,https://ipfs.io/ipfs/QmcGPFXKfFQH7mYwDvB8qS6WUjSAWKidu4PxMQ35N1M9yF,['22WN7esqm754kc2rVsc3Hfxnp1QbJaHg9isTPdS8Wr3K'],,,2025-04-29 16:02:41+00:00
8FiTW6V7WS7K6P7PSwHPnNzxLXntHB9Frv48yVWLpump,1745942563,1745942671,New Snuggle Bear,Snuggle,6,https://ipfs.io/ipfs/QmYbFNVCZdBfkLgS5AZ8Nn5M2PtCwE6rsJ6DwVb7gvedur,['5UZ4oqaxiY7EDmc76iNZNBKFuEX2Wtxg75yxztUzFdYp'],,,2025-04-29 16:02:43+00:00
HBggRgZp2GU5FHYJsgrRTZvkncmw2A3j9Yz6ymnDpump,1745942564,1745942671,MONKE,MONKE,6,https://ipfs.io/ipfs/QmS4pkX9uwk2e4K7gxrSjhwhghgiLaaVVKtEozZmaCN55J,['HxYckTcz46UFGGkcF5Hw2fy1kcFqbJjmVsGkG4uB473b'],,,2025-04-29 16:02:44+00:00
7Cwby7ESHipjwowY22JuoyvbzspHTwyzLs3xwoWapump,1745942567,1745942671,NEW AMAZON DOG,REX,6,https://ipfs.io/ipfs/QmNTfaPUcAeMVqJ7KeKmesFHXBxkoEEpdeGHsiTrniuSAS,['8YbHabg6eHMqq4JPgW9NEkfuFHbZ2D4gtJKdU3QMRXJS'],,,2025-04-29 16:02:47+00:00
Agb1gWG7NjXuhXzaFFmQgbS67FruiDUxSuyxVUaopump,1745942570,1745942671,Jeet Trump,Jeet Tru,6,https://ipfs.io/ipfs/QmYE38YXMFfcDmHmrfdAZjvifWi539uwMakkj7jZ2L3uJj,['AxRachjBNEtwW1N6kjPcU949y1V5sRT9Wm1699JdNydm'],,,2025-04-29 16:02:50+00:00
9v781hdU5M7PfC556qJ5nFSedHhfgKJVDq81jWzpump,1745942574,1745942671,PAWGU,$PAW,6,https://ipfs.io/ipfs/QmNWSewN57ARPqCU6Kpz4e5yF91aj2sUadqS3gSu1udkmA,['BmUt2Hx5PN6g67zAvhzqi8S5mX1KKEg4eYWHAva2TMNs'],,,2025-04-29 16:02:54+00:00
FBBuuDagChuMUjgZ7xkRseuRMiVWdQPf3W7VsSsqpump,1745942575,1745942671,Toloka AI Language Model,Toloka,6,https://ipfs.io/ipfs/QmPQPHARCPW1VMbmMUacLYzevs2MKmE7ZLK7brSpnDEgXn,['GWxRDeuQnMijAfadsMSk3AtTMpqm5hNgEoWzNR1nC1hH'],,,2025-04-29 16:02:55+00:00
BQ2TwCjFF7EwohPKdKKtMKDEJW2SE9Q9msozU4ubwFDB,1745942577,1745942577,TRUST,TRUST,6,https://ipfs.io/ipfs/QmfVG5WhH8Dfix478sh354x9skFSWYYq65Y7PNzvjG4PEd,['31tRhxNXddPomz9L4ZdEGooUaqZexkJgbc87WPKKzHgE'],,,2025-04-29 16:02:57+00:00
7aX6RXgtPz7spcEQAwisQv5qygfY67BpkLZJqdgypump,1745942581,1745942671,Baby-Seal guide on making friend,GUIDE,6,https://ipfs.io/ipfs/QmQBSXjXscyyRBxyQNd84qdy5r8DgAQUiz3GKVx92P6BaG,['CY54SXtE5LVE9puwHGDWd98i7sXAMcpu4sQ4pdmQZ6gW'],,,2025-04-29 16:03:01+00:00
F6tmQy6g67coTKXTUBDQJiL9KBh8rANkkjmrm52Qpump,1745942582,1745942671,rata,rata,6,https://ipfs.io/ipfs/QmNWBsQAbC3CpjmpkjCgDUs2r2g14JiK3BicV6p6fLmHAs,['To2jd8S6WDVCuewgS7EMQS5hNhHYqatnfTTD9N6vMRR'],,,2025-04-29 16:03:02+00:00
ENZg7jB2qsEaYPj5DSaG8zuDsTD348NURYjodxeBpump,1745942582,1745942671,I swear to hold this,AMEN,6,https://ipfs.io/ipfs/Qmf5CfPxxzA1iEnkroNEH4efpreYhqqsR9Rwbw7hiBT25b,['FZcQqaamqpFVJxn6y4dSPGEgEbC8P5ybF1LH91LcfkPv'],,,2025-04-29 16:03:02+00:00
5LQ2Fo5dMt3XKnNf5ChmG681XkfTGo5qXDNcmno8v319,1745942583,1745942671,New Vulture Chick Name,Tikal,6,https://ipfs.io/ipfs/QmPLeeLaf5PYxgqz7VQ7zdrUuMhFjSi2wft13Un6WX4dfJ,['Ho9V45Jfyab9s6NLqmxDLpXdgjG9RKdpJ4ZG2FRdVx1n'],,,2025-04-29 16:03:03+00:00
GfJvaKzTC286hZ799eLxEqewXvnLSe51XQ1KLL2pump,1745942585,1745942671,Leo,Leo,6,https://ipfs.io/ipfs/QmdusC2yafwPwvPr3wyaF53ii3h82hAkxG5RVCfinqf55h,['Ho1KVpyexU3wr98gYbJN95HuvfkZJm3AmN3AnSsGNk12'],,,2025-04-29 16:03:05+00:00
4yvwN77TW9SewE4vww6qMWwubRJtiLJ5WDh5unBRpump,1745942586,1745942671,Donald Putin,DP,6,https://ipfs.io/ipfs/QmYJKryHZ97vFquHeSVqhgENPxpzZCDrK83hdQBXy7N234,['CBtJrPE6WgTfAaG9Y1KtSXusFrLPRdX6knBkVEnpeqRL'],,,2025-04-29 16:03:06+00:00
C7KQczr7ULL3WPVykrVjZGgT2sX5wchhscCXcxoJpump,1745942587,1745942671,TETRISBLOCKCHAIN,TETRIS,6,https://ipfs.io/ipfs/QmUugxkBv1eVVTiWyEFNnDR7wxnGfbjtSFnXotY3NVuTQA,['A64CPVYViq2si2rS7ut1wMJ1VcBaY2h2oKS1z7xTnRDm'],,,2025-04-29 16:03:07+00:00
43aPbcaeo2CinpwPnqBJgaXfcYBLgP3yMxhb7E4EPUCy,1745942592,1745942671,MAKE COLUMBUS GREAT AGAIN,MCGA,6,https://ipfs.io/ipfs/QmQfcmbRdNeu6puwHASBHBhJ9pCwLXcsgPYtAekRXeEJNy,['F5LoE2Eh2M5EgbNLuMxZvH8panBEh4qUBWVGZodiPqXB'],,,2025-04-29 16:03:12+00:00
2RMZGoW5bCXNYZZ69hR7Z51ussq5eBRaPbxVfVdNpump,1745942594,1745942671,New china Mascot,wabu,6,https://ipfs.io/ipfs/QmdyitrmMLbEWVMn6CuxFcH7ZeTz8x6ULPMZkcKCGEg4DU,['4DZVfxegNcVkpPh55qHak47fwX1sjfs6p7B9h5iq8aJf'],,,2025-04-29 16:03:14+00:00
KNBwCBRkVcJx9c5VyHdw71rZdmTHL9A87nHhGHqpump,1745942595,1745942671,DOG STOLEN FROM TESLA,BOBA,6,https://ipfs.io/ipfs/QmRvTAA3h2U2o5VtuCYmHWL6DZ5nFdFrXH2dgjr78PiZnm,['6fDD8GRWzsDRgAVB29KeSP5FyttcLdBzV1qYDRb9xG2P'],,,2025-04-29 16:03:15+00:00
HkKtrPNbMCqVdFXURB7bP8VCRZro7EUWVf6DhojdeW44,1745942596,1745942671,Cosmic Feline Voyager,CFV,6,https://ipfs.io/ipfs/QmWcvYM3PBHKjzLady8Sgfd2nx3ZauxPtFLrBopW1mrKrk,['AEeTSk8mAgLBYATAvwMWw7NRR8VqZcx9xQ6X7i9oCiQX'],,,2025-04-29 16:03:16+00:00
ChrF4JzCySvu2S3F9etoNPCEsRgL9sXsNRnKAibopump,1745942599,1745942671,TariffTears (TARF),TARF,6,https://ipfs.io/ipfs/QmZ2i9YhDysqsWdryLvf2CeD1Jn6KCN2q3z9w5Mxw3Xcy1,['9kMHCvenWgYxP96b1HgSgjKfwqjaJv2WMMdUWD8Q7gYs'],,,2025-04-29 16:03:19+00:00
A4F38vvF8Z9eeTaqQyEBaJenettocqar2cmPmZmRiray,1745942599,1745942671,BONK COIN,BONKCOIN,6,https://ipfs.io/ipfs/bafkreidiyifbivqge446co74suuc5w4244p33guxkp27je7wxsfxsptit4,['HMZuafeN3zjEi4c84r1boeaqr8ZFtYDKY9HYxbvcu75k'],,,2025-04-29 16:03:19+00:00
EASL3ZatmyMQ4bW9ZUT1ZEY4afc5ggQDmaCJ4vUqWyzL,1745942603,1745942671,drunker dog,drunkerdog,6,https://ipfs.io/ipfs/QmcPjPcDoEYwwXFT5pZLiyrPU6muUNCNDFn3SvNPfg7rge,['55U2eBuBGRsgh3YeUYYjnxWKBq2L7wghzbhZzLzgJHNY'],,,2025-04-29 16:03:23+00:00
54wWuCSeBLSBjkgVbDzpC63yy5EwKsh4f2eiqaP9pump,1745942603,1745942671,Liam the aimbot fish,Liam,6,https://ipfs.io/ipfs/Qme9NSC4DA8TwMCBCYmFTitRke5GJhNAHAGL3GJNeSwoZL,['6EzXQm1vCpq3c1c2vY5soHb1YuLRhtjbaRHuwxjehpai'],,,2025-04-29 16:03:23+00:00
2zjRkW8YGmQkYcdacy6veo66JTa9g6Gn7ueT5ZrTpump,1745942604,1745942671,TARIFF SONG,TS,6,https://ipfs.io/ipfs/QmfY94wEjhgUR1pXxwi2BT7v1fcLuLjDEukB874QwC3dgQ,"['8jS3Baf6xHYyFSsFCPrQivwVuFEVDPsyaMQAGwLVhhtg', 'GKSVX85duhYZ4G8KFy5Gjnb9uCHK6dvhd71tuxC2Ji1s']",,,2025-04-29 16:03:24+00:00
7JH2aT7EVnLXvv14XvR3H6QGceXUC7eRi8gt7jokpump,1745942606,1745942671,THE TARIFF SONG,TTS,6,https://ipfs.io/ipfs/QmeNY6QhTR7FXUtT77QLAoQpkMbA5HgtKK72jctQmWD1JC,['8Dj6ZaKUS1qcQrKWn4LnQSvfrxKBVzHfi7Ah8wZ1UfRo'],,,2025-04-29 16:03:26+00:00
FfraLf2gCY8JRpj8sgNrkSuSrF1k86sVdQqny9JEpump,1745942609,1745942671,shillaifun,SHILLAI,6,https://ipfs.io/ipfs/QmR25a6xLrS3hrLBsybaZmaqUVr64i5jCnn8Z1anAzf86W,['DMb6TNZEGx8feEWDWnVxp7jbkrcubj9BqTFrEjcaacVP'],,,2025-04-29 16:03:29+00:00
GabdKZJjsyLizrYrgarRAjAGgc6RNCrenPJfvshL2Fnd,1745942613,1745942671,Trump White House,TWH,6,https://ipfs.io/ipfs/QmWhc3jwhVkjCqy8bUWW7u1sviYQVYzpdkdxENehNkRRM7,['6CcPZSfVT7xqeJfqkyEE6quRDbowpsaaQrDrPyuYyYpd'],,,2025-04-29 16:03:33+00:00
75q1sjypoeFyHDUj5Q9P4gnnQzQeECyhTbRrkugbpump,1745942613,1745942671,The Colonizers vs 1 Gorilla,CvG,6,https://ipfs.io/ipfs/Qmcrg6xmP7nF5UUCce5PvwudAUbPh5XBwq4Z2pJ1UHSKcF,['HJPxt8ENrtixFrScV7KuJ9pi9puR8sUfmp7W4RXVPTUT'],,,2025-04-29 16:03:33+00:00
CMrXPjNSYqPUHsknVcCwn1WGmXF8wqQrwSuuJne3pump,1745942614,1745942671,the gake candle,BBC,6,https://ipfs.io/ipfs/QmfM6sRAPFGiNPBmdZqmh5zfmNyFGu1oTTkELPL2CGbAbQ,['5ziCYAcBe4TeAmWWWc7sEbtHHvSqXHXdtS24eacmsjfE'],,,2025-04-29 16:03:34+00:00
GLhDKWCefmVDXRg6kEbd4CYCZcNsCkCmgowakZ7cbonk,1745942615,1745942671,BonkTroll,BONKTROL,6,https://ipfs.io/ipfs/bafybeigrezp5pq6huxduyb4o7vnz556ubhypianq4m7y4dx7batcpk2swi,['EQCp5iUc4t9YvP17q2rnP2Y37vmnEovG7SzudMGWyatL'],,,2025-04-29 16:03:35+00:00
ErgGfeKVTwTaCyZbpLzDtnhPm8H5Nc9dAFUYJ3T9pump,1745942616,1745942671,NEW CHINESE PRESIDENT MEMECOIN,XIJINCOIN,6,https://ipfs.io/ipfs/QmQGMwYK8GTjJgLfhbnYwEVh6MHvqU4G7czCA1C5CtPJKj,['5Enq8sGCTx5MUHfivWa6p89TXthLgo2qAmZ515xbX47f'],,,2025-04-29 16:03:36+00:00
DATvhL5cNPB5wB5fgGf6Z4Bt1KixVVshPzygZH67pump,1745942617,1745942671,NEW CHINESE PRESIDENT MEMECOIN,XIJINCOIN,6,https://ipfs.io/ipfs/QmQGMwYK8GTjJgLfhbnYwEVh6MHvqU4G7czCA1C5CtPJKj,['GDStyrVTDHoysbuptqxM28GxtguZbJmxjb7WZhPBhzbX'],,,2025-04-29 16:03:37+00:00
EKuPRXmbYLnSxNtWMJaZd9XoeACoohWmTVK6tqWspump,1745942617,1745942671,gr3g frog,gr3g,6,https://ipfs.io/ipfs/QmUWMDg85uMnzegfrbfbvs1c8MCsUhp37tjPKagYqrW3tH,['AgbgfAmQb7vnhfvsgHmQRhgUqfhAvcqfUUUJ2CN3nh4C'],,,2025-04-29 16:03:37+00:00
EkSfWGhqMN3dAYGVjY2rouv7uT8XgQsEWXBWjDcKpump,1745942618,1745942671,being human being,rough,6,https://ipfs.io/ipfs/QmTPPtioKGn7bWfDXjpvewjysn8QBcSubbD6nnVFw57n7i,['4nXP298x6ZC8i5RGmT9SLoxVfCYLkuDAckzUerAJEyp9'],,,2025-04-29 16:03:38+00:00
6oirY7SJ9SC9ov9Q4J4N8GnLHdHedwxttCkN1ckQpump,1745942621,1745942671,DOGGY,DOGGY,6,https://ipfs.io/ipfs/QmfPE1qyCE7FuBSviP3Y5g6SMUEeKWzpV6RddQBD3Pi91U,['66usKuvQdvn9LvUZn3hhjRwqwZW9U2yG5DmGGJ6gdQ9d'],,,2025-04-29 16:03:41+00:00
2uv8i2EbmiUKFDLCqnWeX76gUFKME17ZExC7ZjQCu1GC,1745942621,1745942671,Theo,THEO,6,https://ipfs.io/ipfs/QmT3Zd2HH59ajjZRPZo6MjLf94p8ug6pJfwoSAK2V4zg9Q,['A9oNxNBGMQzXh5yMheSVkSajMyrwKy9kRUcgti3bjTz3'],,,2025-04-29 16:03:41+00:00
5Vu6SE1EH22WDJwMNNMDMvNeRCFdXhttB1GzndXApump,1745942623,1745942671,First Arrested Shiba Inu,KOSHO,6,https://ipfs.io/ipfs/QmfCxNJ1hKrPqaqbj1qbP7q3e9TUCwJaA586wyNy3FUzZE,['J7XGRVo5auipjpYyb9fNsNkMiPNqU7H4W5TfKhndDMsh'],,,2025-04-29 16:03:43+00:00
5EdT2MEfgUZ8WGUgDepgexFzwih8GuzDyTNTMjQBpump,1745942626,1745942671,New Indian Slur,JAMBOY,6,https://ipfs.io/ipfs/Qme3BHTh9RWSZ8ws5VyARCxx5egNfo5XFPKskk2NhmJKeR,['9qyYUPLayGQzNZKUgJsq7TVfvjA9Z7vEiD2AE8PC38DX'],,,2025-04-29 16:03:46+00:00
5hCXLgYJd3XxULqVTEPBsTRiEZ5ntfEfAF2i9oZmpump,1745942627,1745942671,Biggest Retard on X,BRO x,6,https://ipfs.io/ipfs/QmXivWvBtd4zX7KLog9EvV9GNtDRwhe2X79Fmdjd8Fm5HW,['7LPk5KqRm5JoVfkDSBLK4dih4r56Y8AJVjiqr8K27quW'],,,2025-04-29 16:03:47+00:00
EvkX3WNLiVXNqwLsoTnoBXr1FvoVDtBrGo1FbRdHdm6V,1745942630,1745942671,100 Days,100DAYS,6,https://ipfs.io/ipfs/QmehFbJzHaKY2rWGyqEe7b9cLFRuQXHpzio2CnF8TXCLte,['FRe9rvddjRjVX7FjsmT6MAZowz1SLMQyyd992svVy3U8'],,,2025-04-29 16:03:50+00:00
HRqAjEB5LjvFvmQd9U9TFKDfSBZA57aKYwfDwKf9pump,1745942634,1745942671,Sleep Paralysis,Paralysis,6,https://ipfs.io/ipfs/QmYWwHZ5TsRshZkxDFU5krAJaHETKPbaZtMg2pfrLLNnjC,['9xtFjrJAPq2cuj7UwCTmtQ8Ef1UD2uCGe4AiUSd26xA2'],,,2025-04-29 16:03:54+00:00
3DMuip4PbPj9yaaKK5PpMX8rJzavBaQizHXny36Upump,1745942636,1745942671,DEADLORDZ,DEADLORDZ,6,https://ipfs.io/ipfs/QmfAEQ7nweo1Yxf5utsevoDn9tHe5cuf72uMgQNekKzTMc,['4S8WRzmg6ycb3XVniHrj7eEGBMxfNuoHS2iFGUMGtLnK'],,,2025-04-29 16:03:56+00:00
21vtB6k6aUxpW79tGx5TK9iGu8a5xJwVsh4cHmJRcook,1745942638,1745942671,Shill.fun Launchpad,Shill.fun,6,https://copper-characteristic-chinchilla-62.mypinata.cloud/ipfs/bafkreicwfc54hf27awlo3f64iq2xhnrossizcqdnfwc25wrz4th7yqqb5i,['H9bx4aNLefDCQWc3gJDq7YYSEL3ANXdhyTxQj9f8mdqQ'],,,2025-04-29 16:03:58+00:00
7gHRjiMxV2hhKD4TARZ5Kxj4kXgMtP5kJkeNf9mvpump,1745942638,1745942671,Memecoins Price Index,MPI,6,https://ipfs.io/ipfs/Qme7Z8MygqaXYcWk4ajezXWvVGkBPxn5ah5sv4RkH6FmdP,['FWNNhzF85ibf149zf7UhHDFP1nbbts1AgAepjPTSzMQT'],,,2025-04-29 16:03:58+00:00
HxRWaUEquWkbuU5En5S3Hi4umB73onkVYBQVBXCNpump,1745942641,1745942671,For real Apes,Aperol,6,https://ipfs.io/ipfs/QmVowGiCpuknm86e4P5DMAF4EH9RkNzTJ6pP51DuT11dJy,['Hvk4U87pVNB6AcqpdYBGrRnTRj4qS38hs2CY9fp3zo6Q'],,,2025-04-29 16:04:01+00:00
AqhX8eEtWH59czEg26cRht2172AJTZkVmBVGWCqH6PB8,1745942744,1745942744,MadDog,MD,9,https://gateway.pinata.cloud/ipfs/Qmca7mxCFPS4Bx6kdnn7VnVEyQVFMBbzSFqfB2PZSg6F4d,['9sSufmY3x19qN4etSfc7PxXsQWWYJWgJYmUZDVFun86N'],GQfWrpbxSJc8AWUtwTRAVZ5fE2G44o7KKn3mnCYurZLG,GQfWrpbxSJc8AWUtwTRAVZ5fE2G44o7KKn3mnCYurZLG,2025-04-29 16:05:44+00:00
B9kmNczzWw8a4FvQcoKDzg9ymi3bKLFf7U79AHQPBrEe,1745942752,1745942752,BONKOPEPE,BONKOPEPE,6,https://ipfs.io/ipfs/QmYorQTiYLqgxyCnkDarVLZ6vQ6nhY37EAgTV1Zsj4B5DE,['ETdJCv8GvSPbRtfkoC4bh47yTQB9q3CPRLoykrQkc9pk'],,,2025-04-29 16:05:52+00:00
cWRPwonB3MhwwAEgeFfZxoLV6vKUNRzRE8c1X6bpump,1745942819,1745942819,tom,tom,6,https://arweave.net/RCH2zvtvpaQwFEd9HUYyEM--Ouj6shMLe0zqX3RC5Xk,['GseuNZiPSCTCmvtFduExT51krrPCWCpCKQhw1kX9zfzC'],,,2025-04-29 16:06:59+00:00
EqPY9kfaJCJxSECW9Wao4jPwijYaURK4DMWgMtsy8T5g,1745942829,1745942829,Catfish,CATFISH,6,https://ipfs.io/ipfs/bafkreibou4irigafbim4yx4zjyvgimmn553lb6nlrkkszqtoqdhhe7ibnu,['ESEbwn4HXq6rmYCJAmWeXuEnpYYb8RtY5XHsFQmU1qX1'],,,2025-04-29 16:07:09+00:00
2vJq25fVRC3UyJo5VwPUcXfGYBEQSD1nKZ7WTAxzjLWs,1745942843,1745942843,TARIFF SONG,TS,9,https://pump.mypinata.cloud/ipfs/QmfY94wEjhgUR1pXxwi2BT7v1fcLuLjDEukB874QwC3dgQ,['3cPk9ybGcCANrya6GhDAEMVx2DtGkhNUJoKaf6Kt7Ddu'],,,2025-04-29 16:07:23+00:00
FJ6axND1eZdVmf28vwgvJWpPrbTnyjuDLwP2n7yGuNSA,1745942868,1745942868,Turtleman,TURTL,9,https://gateway.pinata.cloud/ipfs/QmNS7ecoNY5NvL91zHD1rm69bm1ySiHDEzrm3vFjKVbdd9,['9FS9jA55wmz4XP3yENwByhpKdyVvowb7VqJCKHxZfrAs'],,,2025-04-29 16:07:48+00:00
EbaHc6faLSVLYs7yCH2D6uZ4c5W9DjP6zCdNzhCqSwc8,1745942897,1745942897,GatorCoin,GRC,6,https://ipfs.io/ipfs/Qmb4s5zTmeZxFvyKiDpLvLp5rakrmBaCJdianmfWdv1P1R,['9Ar154ZMC947VkojKiB5jo92TBokv3GbZ8HuH7NJwxLd'],,,2025-04-29 16:08:17+00:00
88ctzifa3HDyd2uKPrtMNVvzNnjHZMUscaVTicpFNUf1,1745942910,1745942910,GORILLACOIN,GCOIN,9,https://ipfs.io/ipfs/QmSPzZVGngFN82o96pNiVPB19eUPY1NeibpMgDcM73mDZU,['HPzSK8skX8T2CXeni2VBpnUzwkBmZg9J639vueiWshqn'],,,2025-04-29 16:08:30+00:00
GkrMg7MaFGfsmLUjhDb7EfoweBJGQ6sGWPnM63Pfpump,1745942963,1745942963,Dog Stolen From Tesla,Lemon,6,https://pump.mypinata.cloud/ipfs/QmShJgbwNEpHaL1C5dRdyGvaYyTqPwxBwvQb9Pm25SmgR3?img-width=256&img-dpr=2&img-onerror=redirect,['H7RB8hXt9k7W1S45vNBmqXogbDs2nRL5H3VJKsWw75wg'],,,2025-04-29 16:09:23+00:00
