address,created_at,metadata_updated_at,name,symbol,decimals,logo_uri,known_markets,mint_authority,freeze_authority,timestamp
DfeSB5dgjVs6EWPBUpzsbJa8Sdo12BX9ZTipmE5ipump,1745950824,1745950917,Tappy Memecoin,TAPPY,6,https://ipfs.io/ipfs/QmT788vW7TPBEmLme9fJzhAZDAinUxYzistMkFgdFTzd1e,"['9oXqdXYPvNR61QFHWkdomofYDc7QXybujYugW1oCGyY', '6ndriccdMa5WXD9yKFEjR5migpN9oPpo4s37K8zpdbGy']",,,2025-04-29 18:20:24+00:00
85kSxp9XB5xpkLRLfptKJzGP7SN9gPiP1qFWiW7R9h2G,1745950809,1745950809,Squidllora,SQUID,6,,['J45sZH8nUKJqE8RLwgdPDBEop6t7CwApTfvc22mbjEEb'],,,2025-04-29 18:20:09+00:00
7TWXHhtmQiez4Qknt29o58u6zG1CfvVgMgfYLZ6upump,1745950796,1745950917,Hyp,Hyp,6,https://ipfs.io/ipfs/QmaYMZFE6G9GSotpFemQwaxWCmxpuUJD4uCzSsBb6mfW3z,['Cq3agZAkkNoREMDPm9ojvifEQ7B4MbWbWV4HgRpJUemZ'],,,2025-04-29 18:19:56+00:00
FMbvY1cfQ7AQq3mxqPrB56q1hk3sGY3u3wYi5nrWjdyF,1745950640,1745950640,Fentra App,FENTRA,6,https://files.kick.com/images/user/583958/profile_image/conversion/a8bfe864-5f8b-4b40-912f-ae017fcbbb6e-fullsize.webp,['2vcwp4YAWKUtD5JKhWrgrjer8hA4tup4rekfCYibecvg'],,,2025-04-29 18:17:20+00:00
6Avb5NKxcQ14TcFu2QaV6zYsPcCG2Wsb1mM3sSeiy6um,1745950593,1745950593,DeepSeekAI,DeepSeekAI,6,https://www.iconaves.com/token_icon_solana/solana/9A2jUbgoDY97fruKHXvDd7eQiq4xvnW3By1BfH1Bwn9Y.png,['FfptniAhhfCnrgwhwMYzgDjQE9n7hs7mvQ4fV2AQAusb'],,,2025-04-29 18:16:33+00:00
75kCqvAnDhXvmhKUDCzRTUXM9jM5FQu9qsscdXr4aiVY,1745950504,1745950917,Chain Fox,CFX,6,https://ipfs.io/ipfs/bafkreigq3uqukdtowvyagv6i2ih47sbqd4swbk7ge2gfjeua6sewkqvaq4,['8j8mHZRQ1BXGB7V6vB1MDSfnebKg6PSVeJqEU5FCJs6k'],,,2025-04-29 18:15:04+00:00
cs95CV9VWvWfsce7ADe6WEjqLnPyoRAh9AbETc9pump,1745950481,1745950482,Duc,Duc,6,https://arweave.net/WoSPRYuO4FoW0BZo4Wpqo2imC126a-4zYfO9v1iCe4k,['8msa2b1hGWxUZHF2Fsthf2R2QTqeFZS5F3KXqFrGfU4q'],,,2025-04-29 18:14:41+00:00
Er7WFiJzoU4ucFDKv3y4jkVZYdEDvQGRfgjKCfVRpump,1745950461,1745950917,Smoke-away,SMK,6,https://ipfs.io/ipfs/QmbAwgDyoJ9LgzBu43acPfMW2XBe6J9WANGCPLyMeGEwRb,['E63maZz8rEPFZoxxsX4TToQJNPfNuzHQx5gZi621Z8jH'],,,2025-04-29 18:14:21+00:00
2BCFgyx2vpy2j2snoZMdSqcwd3L5Z8q71TzQpucipqCm,1745950353,1745950917,Autistic Intelligence Coin,AIC,6,https://encrypted-tbn2.gstatic.com/images?q=tbn:ANd9GcScsIUhr8znGlZfEtpweePK7SILpDMdNunrsw2Z9y-6ihCVkgld,['7jeip3y3A946bpcjfaTAybMxDYP5v4NqMnBfFPTQ3BgR'],,,2025-04-29 18:12:33+00:00
