address,buy1h,sell1h,trade1h,buy_percentage,sell_percentage,liquidity,name,symbol,timestamp,url
DFuHDbaHfsRtr6veEJTSk373mxrxjUXZTqYrpkXnpump,611,601,1212,50.41254125412541,49.587458745874585,4652.705841035453,Famous Chinese Cat Meme,Guangdang,2025-04-29 14:47:44+00:00,https://birdeye.so/token/DFuHDbaHfsRtr6veEJTSk373mxrxjUXZTqYrpkXnpump
FbcL3P68MsRuFkytvP1vzFXLFJSEYacMfPccn3c72U9V,530,211,741,71.52496626180836,28.475033738191634,509916.2717318537,World Liberty,WLFI,2025-04-29 14:48:25+00:00,https://birdeye.so/token/FbcL3P68MsRuFkytvP1vzFXLFJSEYacMfPccn3c72U9V
6dk3pFAGYWSmKRKzA363xEQLyCE5w72YvvEH4MGKfRMD,437,10,447,97.76286353467562,2.237136465324385,5916.0698728738225,Daddy Bonk,DBONK,2025-04-29 14:50:48+00:00,https://birdeye.so/token/6dk3pFAGYWSmKRKzA363xEQLyCE5w72YvvEH4MGKfRMD
8Bkv5HZFBQj891zuWbWHqNS8LLEHomr2fkpvbqpopump,3548,3479,7027,50.49096342678241,49.50903657321759,44343.45278746966,100WOMEN,100WOMEN,2025-04-29 14:51:54+00:00,https://birdeye.so/token/8Bkv5HZFBQj891zuWbWHqNS8LLEHomr2fkpvbqpopump
A3X1na1o8W4e429JPKQRxDCDJXxowowHkaDGMnFjFL7A,227,141,368,61.684782608695656,38.315217391304344,6823.83636618363,America's Businessman in Chief,ABIC,2025-04-29 14:56:56+00:00,https://birdeye.so/token/A3X1na1o8W4e429JPKQRxDCDJXxowowHkaDGMnFjFL7A
