Mint Address,Amount,USD Value,open_price
cf8CqpDqTy8NURoyiJer7Ri42XyxMuWVirNQ5E6pump,49959.44551,215.33671754833355,0.0043102303348269
EPjFWdd5AufqSSqeM2qN1xzybapC8G4wEGGkZwyTDt1v,115.751479,115.75354979395932,
qRUZaCpgxaRH1s5V6opjPA6Hnpv5BM37LqkDBw7pump,3385.180025,20.265353388852176,
DitHyRMQiSDhn5cnKMJV2CDDt6sVct96YrECiM49pump,152.936886,10.161360466923597,
4MeqZ8v3XbNVVX6B69XxXaymoTX6DbK8iZgaGngCbonk,19523.487956,7.418683092976854,
Eq1qrNGCiCtcZhFUGDYAmRJQ2w9kdLPak1Gx4mvkTQCE,1426426.730913,6.671191687610673,
BLiZvG2G52Xa8exJa1fcEDmP894z573n3rzWmaXHpump,24160.739248,3.6182186150238462,
476Ag1VomyHpbCYhEYz8GN6a4Di3kQKZ9JQ5SNtnpump,23047.395551,3.2571449655887257,
FSpj9QmQtLWCJLyMNFK14XMrDRnuU3av41vvNVhSpump,30238.838544,3.208145622403295,
KhALz1buce8zVHjoGzGjGqiJXu9bYyJ1H1shT3vNq1i,348924.287928,2.26129274878752,
3JgFwoYV74f6LwWjQWnr3YDPFnmBdwQfNyubv99jqUoq,9041340.615,1.9072419385430313,
5mbK36SZ7J19An8jFochhQS4of8g6BwUjbeCSxBSoWdp,38.337298,1.4695430557533162,
CniPCE4b3s8gSUPhUiyMjXnytrEqUrMfSsnbBjLCpump,154.053886,1.3345187705614043,
KMNo3nJsBXfcpJTVhZcXLW7RmTwTt4GVFE7suUBo9sS,16.985736,1.1609198023252438,
J3NKxxXZcnNiMjKw9hYb2K4LUxgwB6t1FtPtQVsv3KFr,2.00153272,1.14820318869193,
6AJcP7wuLwmRYLBNbi825wgguaPsWzPBEHcHndpRpump,24.462439,1.0095704244800017,
GV2HFvE9quMWMp5BDuRz3XudHyRPEAMMtdAqoF2u7yE8,130450.605577669,0.969073964800493,
orcaEKTdK7LKz57vaAYr9QeNsVEPfiu6QeMU1kektZE,0.32458,0.9494306772306581,
ZMGtFgx3pjcU1QNd9zUPn3ckNcotqVkja77q8AHbonk,1623.897473,0.9343183186247969,
9Nc7qznSyhq1YV2r9EeNJgsfH7yjKVd6Zty3Suzibonk,4714.093811,0.8059030146785116,
FasH397CeZLNYWkd3wWK9vrmjd1z93n3b59DssRXpump,87.510846,0.6418718919304575,
25hAyBQfoDhfWx9ay6rarbgvWGwDdNqcHsXS3jQ3mTDJ,338.82926,0.6217326763918566,
